Cycle start time,Cycle end time,Cycle timezone,Sleep onset,Wake onset,Sleep performance %,Respiratory rate (rpm),Asleep duration (min),In bed duration (min),Light sleep duration (min),Deep (SWS) duration (min),REM duration (min),Awake duration (min),Sleep need (min),Sleep debt (min),Sleep efficiency %,Sleep consistency %,Nap
2025-11-05 04:59:53,,UTC+07:00,2025-11-05 04:59:53,2025-11-05 10:59:08,49,13.6,286,359,97,104,85,73,530,127,80,49,false
2025-11-04 03:10:36,2025-11-05 04:59:53,UTC+07:00,2025-11-04 13:27:37,2025-11-04 15:04:29,18,14.7,74,96,39,23,12,22,604,127,76,,true
2025-11-04 03:10:36,2025-11-05 04:59:53,UTC+07:00,2025-11-04 03:10:36,2025-11-04 09:17:37,66,13.7,327,367,174,112,41,40,627,127,89,88,false
2025-11-03 03:08:42,2025-11-04 03:10:36,UTC+07:00,2025-11-03 03:08:42,2025-11-03 08:49:43,53,13.7,283,341,133,88,62,58,596,114,83,79,false
2025-11-02 02:37:44,2025-11-03 03:08:42,UTC+07:00,2025-11-02 02:37:44,2025-11-02 10:28:21,82,13.7,427,470,229,69,129,43,605,127,91,79,false
2025-11-01 03:07:51,2025-11-02 02:37:44,UTC+07:00,2025-11-01 03:07:51,2025-11-01 10:29:52,62,13.5,347,442,169,108,70,95,604,127,78,75,false
2025-10-31 03:07:00,2025-11-01 03:07:51,UTC+07:00,2025-10-31 03:07:00,2025-10-31 09:30:20,58,13.9,317,383,107,94,116,66,610,127,83,71,false
2025-10-30 03:12:37,2025-10-31 03:07:00,UTC+07:00,2025-10-30 03:12:37,2025-10-30 08:59:45,65,14.1,297,347,135,91,71,50,495,127,85,53,false
2025-10-29 03:35:10,2025-10-30 03:12:37,UTC+07:00,2025-10-29 17:39:35,2025-10-29 19:54:09,17,14.8,110,134,25,33,52,24,605,127,82,,true
2025-10-29 03:35:10,2025-10-30 03:12:37,UTC+07:00,2025-10-29 03:35:10,2025-10-29 11:04:12,77,13.7,407,449,166,121,120,42,625,127,90,70,false
2025-10-28 02:26:52,2025-10-29 03:35:10,UTC+07:00,2025-10-28 02:26:52,2025-10-28 08:09:53,61,13.8,319,343,155,100,64,24,608,127,93,56,false
2025-10-27 03:59:26,2025-10-28 02:26:52,UTC+07:00,2025-10-27 03:59:26,2025-10-27 11:48:04,63,13.7,372,468,198,86,88,96,610,127,79,65,false
2025-10-26 03:51:34,2025-10-27 03:59:26,UTC+07:00,2025-10-26 03:51:34,2025-10-26 09:04:47,52,13.5,271,313,119,105,47,42,607,127,86,80,false
2025-10-25 02:39:02,2025-10-26 03:51:34,UTC+07:00,2025-10-25 02:39:02,2025-10-25 09:48:33,70,13.7,376,429,221,66,89,53,642,127,87,67,false
2025-10-24 03:26:58,2025-10-25 02:39:02,UTC+07:00,2025-10-24 03:26:58,2025-10-24 08:29:59,40,13.6,255,303,108,103,44,48,631,127,87,63,false
2025-10-23 04:31:20,2025-10-24 03:26:58,UTC+07:00,2025-10-23 04:31:20,2025-10-23 10:51:21,60,13.8,321,380,150,99,72,59,609,127,85,69,false
2025-10-22 04:37:25,2025-10-23 04:31:20,UTC+07:00,2025-10-22 04:37:25,2025-10-22 10:52:55,65,13.8,346,375,154,107,85,29,606,127,94,49,false
2025-10-21 04:33:17,2025-10-22 04:37:25,UTC+07:00,2025-10-21 04:33:17,2025-10-21 08:51:48,46,13.1,231,258,89,99,43,27,509,82,90,42,false
2025-10-20 02:29:33,2025-10-21 04:33:17,UTC+07:00,2025-10-20 21:19:38,2025-10-20 22:22:38,21,15.6,61,63,8,46,7,2,570,82,100,,true
2025-10-20 02:29:33,2025-10-21 04:33:17,UTC+07:00,2025-10-20 02:29:33,2025-10-20 09:21:37,64,13.4,333,412,173,88,72,79,461,127,81,42,false
2025-10-19 01:43:42,2025-10-20 02:29:33,UTC+07:00,2025-10-19 10:52:30,2025-10-19 13:32:31,23,13.9,143,160,67,51,25,17,604,127,89,,true
2025-10-19 01:43:42,2025-10-20 02:29:33,UTC+07:00,2025-10-19 01:43:42,2025-10-19 08:08:43,69,13.4,338,385,187,68,83,47,558,127,88,56,false
2025-10-18 01:17:51,2025-10-19 01:43:42,UTC+07:00,2025-10-18 10:49:09,2025-10-18 11:52:35,21,14.1,56,63,22,31,3,7,603,127,93,,true
2025-10-18 01:17:51,2025-10-19 01:43:42,UTC+07:00,2025-10-18 01:17:51,2025-10-18 08:00:31,71,13.7,381,402,169,93,119,21,605,127,94,53,false
2025-10-17 00:25:04,2025-10-18 01:17:51,UTC+07:00,2025-10-17 00:25:04,2025-10-17 03:43:04,25,13.5,182,198,49,83,50,16,611,127,92,36,false
2025-10-16 01:09:53,2025-10-17 00:25:04,UTC+07:00,2025-10-16 01:09:53,2025-10-16 06:54:24,56,13.8,332,343,149,120,63,11,605,127,97,29,false
2025-10-15 04:13:16,2025-10-16 01:09:53,UTC+07:00,2025-10-15 04:13:16,2025-10-15 08:48:47,61,13.6,251,271,121,74,56,20,456,127,93,43,false
2025-10-14 04:00:16,2025-10-15 04:13:16,UTC+07:00,2025-10-14 21:11:45,2025-10-14 23:53:16,25,14.0,151,161,69,63,19,10,608,127,94,,true
2025-10-14 04:00:16,2025-10-15 04:13:16,UTC+07:00,2025-10-14 04:00:16,2025-10-14 10:00:47,67,13.5,329,355,152,102,75,26,588,110,93,70,false
2025-10-13 04:06:29,2025-10-14 04:00:16,UTC+07:00,2025-10-13 04:06:29,2025-10-13 12:20:30,71,13.7,394,494,199,119,76,100,566,88,80,67,false
2025-10-12 03:56:50,2025-10-13 04:06:29,UTC+07:00,2025-10-12 03:56:50,2025-10-12 13:05:21,60,13.7,407,544,196,123,88,137,544,116,74,48,false
2025-10-11 02:27:33,2025-10-12 03:56:50,UTC+07:00,2025-10-11 15:12:53,2025-10-11 16:12:53,22,14.5,50,52,13,37,0,2,594,116,100,,true
2025-10-11 02:27:33,2025-10-12 03:56:50,UTC+07:00,2025-10-11 02:27:33,2025-10-11 10:32:34,77,13.7,423,482,183,104,136,59,605,127,87,63,false
2025-10-10 03:44:55,2025-10-11 02:27:33,UTC+07:00,2025-10-10 03:44:55,2025-10-10 09:43:26,61,13.5,315,356,123,126,66,41,611,127,88,66,false
2025-10-09 03:34:49,2025-10-10 03:44:55,UTC+07:00,2025-10-09 03:34:49,2025-10-09 07:50:49,35,14.1,223,245,76,94,53,22,598,120,92,53,false
2025-10-08 04:43:33,2025-10-09 03:34:49,UTC+07:00,2025-10-08 04:43:33,2025-10-08 11:41:03,35,14.3,282,411,173,65,44,129,524,93,68,47,false
2025-10-07 00:29:24,2025-10-08 04:43:33,UTC+07:00,2025-10-07 17:06:19,2025-10-07 18:09:49,20,14.6,55,61,22,22,11,6,577,93,89,,true
2025-10-07 00:29:24,2025-10-08 04:43:33,UTC+07:00,2025-10-07 00:29:24,2025-10-07 09:19:56,70,13.9,458,529,287,86,85,71,604,127,86,37,false
2025-10-06 04:30:49,2025-10-07 00:29:24,UTC+07:00,2025-10-06 11:02:50,2025-10-06 12:09:20,18,14.6,54,65,21,28,5,11,604,127,83,,true
2025-10-06 04:30:49,2025-10-07 00:29:24,UTC+07:00,2025-10-06 04:30:49,2025-10-06 08:03:50,36,14.0,204,209,83,77,44,5,647,127,98,83,false
2025-10-05 03:48:01,2025-10-06 04:30:49,UTC+07:00,2025-10-05 03:48:01,2025-10-05 10:59:32,78,13.7,382,431,199,95,88,49,611,127,89,87,false
2025-10-04 03:46:46,2025-10-05 03:48:01,UTC+07:00,2025-10-04 03:46:46,2025-10-04 10:41:17,47,14.0,299,404,141,95,63,105,604,127,74,79,false
2025-10-03 04:15:54,2025-10-04 03:46:46,UTC+07:00,2025-10-03 04:15:54,2025-10-03 11:00:25,59,13.7,336,402,153,100,83,66,640,127,83,70,false
2025-10-02 03:13:27,2025-10-03 04:15:54,UTC+07:00,2025-10-02 03:13:27,2025-10-02 08:00:58,33,13.8,242,286,117,81,44,44,614,127,86,47,false
2025-10-01 04:02:53,2025-10-02 03:13:27,UTC+07:00,2025-10-01 04:02:53,2025-10-01 11:24:25,65,13.5,365,441,160,117,88,76,605,127,83,62,false
2025-09-30 04:18:59,2025-10-01 04:02:53,UTC+07:00,2025-09-30 04:18:59,2025-09-30 10:04:30,66,13.1,299,345,169,83,47,46,509,72,86,56,false
2025-09-29 04:21:37,2025-09-30 04:18:59,UTC+07:00,2025-09-29 20:17:52,2025-09-29 21:55:22,10,15.2,94,97,42,36,16,3,603,72,96,,true
2025-09-29 04:21:37,2025-09-30 04:18:59,UTC+07:00,2025-09-29 04:21:37,2025-09-29 10:11:08,76,13.4,324,344,161,76,87,20,437,94,94,57,false
2025-09-28 03:46:11,2025-09-29 04:21:37,UTC+07:00,2025-09-28 15:36:58,2025-09-28 18:04:59,19,14.4,135,147,49,54,32,12,572,94,92,,true
2025-09-28 03:46:11,2025-09-29 04:21:37,UTC+07:00,2025-09-28 03:46:11,2025-09-28 10:20:42,74,13.6,343,386,121,121,101,43,491,127,88,48,false
2025-09-27 03:42:18,2025-09-28 03:46:11,UTC+07:00,2025-09-27 16:30:06,2025-09-27 18:56:07,12,14.5,113,143,63,35,15,30,604,127,79,,true
2025-09-27 03:42:18,2025-09-28 03:46:11,UTC+07:00,2025-09-27 03:42:18,2025-09-27 09:58:49,45,13.7,301,376,123,96,82,75,605,127,80,54,false
2025-09-26 05:50:47,2025-09-27 03:42:18,UTC+07:00,2025-09-26 05:50:47,2025-09-26 12:10:48,53,13.7,323,378,134,117,72,55,602,124,85,38,false
2025-09-25 00:29:31,2025-09-26 05:50:47,UTC+07:00,2025-09-25 00:29:31,2025-09-25 08:05:02,54,13.7,356,455,212,76,68,99,605,127,78,49,false
2025-09-24 04:38:38,2025-09-25 00:29:31,UTC+07:00,2025-09-24 04:38:38,2025-09-24 10:53:09,55,13.6,311,372,137,91,83,61,604,127,83,61,false
2025-09-23 02:00:57,2025-09-24 04:38:38,UTC+07:00,2025-09-23 02:00:57,2025-09-23 09:13:58,75,13.7,378,432,194,106,78,54,608,105,88,77,false
2025-09-22 02:35:40,2025-09-23 02:00:57,UTC+07:00,2025-09-22 02:35:40,2025-09-22 09:29:41,78,13.6,360,407,147,134,79,47,524,46,88,70,false
2025-09-21 02:55:51,2025-09-22 02:35:40,UTC+07:00,2025-09-21 02:55:51,2025-09-21 11:24:23,79,13.9,458,508,235,109,114,50,531,54,90,55,false
2025-09-20 01:39:53,2025-09-21 02:55:51,UTC+07:00,2025-09-20 01:39:53,2025-09-20 09:40:25,74,13.5,401,478,199,86,116,77,485,7,83,55,false
2025-09-18 23:23:35,2025-09-20 01:39:53,UTC+07:00,2025-09-18 23:23:35,2025-09-19 10:18:07,69,13.8,527,654,306,95,126,127,540,127,80,32,false
2025-09-18 03:30:48,2025-09-18 23:23:35,UTC+07:00,2025-09-18 16:35:35,2025-09-18 18:00:35,21,14.2,76,80,52,24,0,4,614,127,96,,true
2025-09-18 03:30:48,2025-09-18 23:23:35,UTC+07:00,2025-09-18 03:30:48,2025-09-18 06:49:18,25,13.7,176,198,64,96,16,22,605,127,89,43,false
2025-09-17 03:58:01,2025-09-18 03:30:48,UTC+07:00,2025-09-17 03:58:01,2025-09-17 10:44:02,49,13.9,346,406,145,118,83,60,629,107,85,26,false
2025-09-15 00:55:36,2025-09-15 20:54:22,UTC+07:00,2025-09-15 00:55:36,2025-09-15 09:03:07,68,13.9,416,485,236,81,99,69,583,98,85,35,false
2025-09-13 22:54:22,2025-09-15 02:55:36,UTC+09:00,2025-09-13 22:54:22,2025-09-14 07:02:27,73,13.8,436,484,272,58,106,48,590,107,90,36,false
2025-09-13 00:26:50,2025-09-13 22:54:22,UTC+09:00,2025-09-13 00:26:50,2025-09-13 07:46:21,68,14.1,384,436,219,79,86,52,551,127,88,26,false
2025-09-12 03:03:55,2025-09-13 00:26:50,UTC+09:00,2025-09-12 15:48:15,2025-09-12 16:51:45,19,14.0,57,59,20,29,8,0,605,127,100,,true
2025-09-12 03:03:55,2025-09-13 00:26:50,UTC+09:00,2025-09-12 03:03:55,2025-09-12 06:16:25,26,13.7,177,192,98,56,23,15,557,127,92,40,false
2025-09-11 02:02:22,2025-09-12 01:03:55,UTC+07:00,2025-09-11 18:03:24,2025-09-11 19:09:25,16,15.6,61,64,28,22,11,1,617,127,99,,true
2025-09-11 02:02:22,2025-09-12 01:03:55,UTC+07:00,2025-09-11 02:02:22,2025-09-11 06:48:23,41,14.1,243,283,97,95,51,40,531,127,86,39,false
2025-09-10 04:59:56,2025-09-11 02:02:22,UTC+07:00,2025-09-10 18:56:57,2025-09-10 20:24:27,21,14.4,74,84,34,38,2,10,605,127,90,,true
2025-09-10 04:59:56,2025-09-11 02:02:22,UTC+07:00,2025-09-10 04:59:56,2025-09-10 10:13:57,53,13.5,289,314,149,91,49,25,588,68,92,49,false
2025-09-09 00:58:22,2025-09-10 04:59:56,UTC+07:00,2025-09-09 00:58:22,2025-09-09 09:21:53,80,14.1,447,502,248,83,116,55,554,77,89,66,false
2025-09-08 01:44:45,2025-09-09 00:58:22,UTC+07:00,2025-09-08 01:44:45,2025-09-08 09:07:46,73,13.8,385,443,209,91,85,58,505,119,87,47,false
2025-09-07 00:42:31,2025-09-08 01:44:45,UTC+07:00,2025-09-07 14:33:32,2025-09-07 16:17:32,21,15.0,91,102,39,35,17,11,597,119,90,,true
2025-09-07 00:42:31,2025-09-08 01:44:45,UTC+07:00,2025-09-07 00:42:31,2025-09-07 08:47:32,70,13.5,412,485,164,139,109,73,598,121,85,48,false
2025-09-06 04:46:45,2025-09-07 00:42:31,UTC+07:00,2025-09-06 04:46:45,2025-09-06 11:02:16,52,13.8,316,375,137,98,81,59,559,81,84,27,false
2025-09-04 21:32:26,2025-09-06 04:46:45,UTC+07:00,2025-09-04 21:32:26,2025-09-05 07:00:27,71,14.0,481,563,288,92,101,82,609,127,85,41,false
2025-09-04 01:54:43,2025-09-04 21:32:26,UTC+07:00,2025-09-04 01:54:43,2025-09-04 07:02:44,50,13.9,272,299,170,62,40,27,599,121,90,63,false
2025-09-03 01:20:48,2025-09-04 01:54:43,UTC+07:00,2025-09-03 01:20:48,2025-09-03 09:03:20,73,13.7,378,459,199,101,78,81,566,86,82,74,false
2025-09-01 23:47:26,2025-09-03 01:20:48,UTC+07:00,2025-09-01 23:47:26,2025-09-02 09:23:58,76,14.0,499,576,281,103,115,77,634,127,86,55,false
2025-09-01 02:06:44,2025-09-01 23:47:26,UTC+07:00,2025-09-01 02:06:44,2025-09-01 09:16:15,71,13.8,370,427,214,90,66,57,606,127,86,71,false
2025-08-31 03:36:48,2025-09-01 02:06:44,UTC+07:00,2025-08-31 03:36:48,2025-08-31 10:23:50,71,14.0,353,407,154,85,114,54,606,127,87,88,false
2025-08-30 03:33:00,2025-08-31 03:36:48,UTC+07:00,2025-08-30 03:33:00,2025-08-30 11:05:32,63,13.5,351,442,183,84,84,91,629,127,79,79,false
2025-08-29 03:36:53,2025-08-30 03:33:00,UTC+07:00,2025-08-29 03:36:53,2025-08-29 09:16:54,55,13.7,292,334,160,78,54,42,604,121,87,71,false
2025-08-28 02:33:24,2025-08-29 03:36:53,UTC+07:00,2025-08-28 02:33:24,2025-08-28 10:42:25,77,14.1,417,486,214,103,100,69,606,107,86,75,false
2025-08-27 03:11:57,2025-08-28 02:33:24,UTC+07:00,2025-08-27 03:11:57,2025-08-27 09:59:58,76,13.9,355,401,201,90,64,46,522,44,88,66,false
2025-08-26 02:44:39,2025-08-27 03:11:57,UTC+07:00,2025-08-26 02:44:39,2025-08-26 12:07:10,76,14.1,472,559,259,111,102,87,542,125,84,58,false
2025-08-25 04:50:15,2025-08-26 02:44:39,UTC+07:00,2025-08-25 14:57:16,2025-08-25 16:02:47,24,15.0,59,65,24,35,0,6,602,125,91,,true
2025-08-25 04:50:15,2025-08-26 02:44:39,UTC+07:00,2025-08-25 04:50:15,2025-08-25 10:41:46,62,13.5,305,351,152,97,56,46,555,77,86,59,false
2025-08-24 03:48:43,2025-08-25 04:50:15,UTC+07:00,2025-08-24 03:48:43,2025-08-24 11:27:45,74,14.1,394,455,177,115,102,61,514,93,86,49,false
2025-08-23 00:29:04,2025-08-24 03:48:43,UTC+07:00,2025-08-23 15:21:08,2025-08-23 16:24:08,20,14.8,56,60,28,22,6,1,570,93,97,,true
2025-08-23 00:29:04,2025-08-24 03:48:43,UTC+07:00,2025-08-23 00:29:04,2025-08-23 09:53:06,71,14.2,456,562,254,127,75,106,602,124,81,60,false
2025-08-22 02:24:22,2025-08-23 00:29:04,UTC+07:00,2025-08-22 02:24:22,2025-08-22 10:45:54,72,14.2,415,496,180,100,135,81,609,127,83,63,false
2025-08-21 01:38:35,2025-08-22 02:24:22,UTC+07:00,2025-08-21 01:38:35,2025-08-21 07:22:36,48,13.9,308,337,171,75,62,29,651,127,91,43,false
2025-08-20 04:31:04,2025-08-21 01:38:35,UTC+07:00,2025-08-20 04:31:04,2025-08-20 11:09:05,67,13.8,341,396,189,90,62,55,594,92,86,74,false
2025-08-19 03:18:19,2025-08-20 04:31:04,UTC+07:00,2025-08-19 03:18:19,2025-08-19 11:03:54,71,14.1,377,461,216,65,96,84,521,127,81,59,false
2025-08-18 04:11:37,2025-08-19 03:18:19,UTC+07:00,2025-08-18 18:53:55,2025-08-18 20:23:25,22,15.4,85,88,36,38,11,3,605,127,98,,true
2025-08-18 04:11:37,2025-08-19 03:18:19,UTC+07:00,2025-08-18 04:11:37,2025-08-18 09:26:17,35,13.9,243,307,129,82,32,64,578,100,79,64,false
2025-08-17 04:16:15,2025-08-18 04:11:37,UTC+07:00,2025-08-17 04:16:15,2025-08-17 11:01:46,67,13.8,346,402,164,95,87,56,548,70,86,50,false
2025-08-16 01:27:43,2025-08-17 04:16:15,UTC+07:00,2025-08-16 01:27:43,2025-08-16 09:36:14,77,14.1,411,480,195,113,103,69,521,43,85,65,false
2025-08-15 01:19:27,2025-08-16 01:27:43,UTC+07:00,2025-08-15 01:19:27,2025-08-15 12:10:58,74,14.0,550,651,304,90,156,101,617,74,84,47,false
2025-08-14 01:34:38,2025-08-15 01:19:27,UTC+07:00,2025-08-14 01:34:38,2025-08-14 07:19:39,68,14.1,297,345,170,81,46,48,447,62,86,42,false
2025-08-13 02:25:11,2025-08-14 01:34:38,UTC+07:00,2025-08-13 17:14:46,2025-08-13 18:58:16,23,14.9,93,103,41,39,13,10,540,62,93,,true
2025-08-13 02:25:11,2025-08-14 01:34:38,UTC+07:00,2025-08-13 02:25:11,2025-08-13 10:32:42,71,14.3,382,476,208,101,73,94,479,51,80,58,false
2025-08-12 00:03:10,2025-08-13 02:25:11,UTC+07:00,2025-08-12 16:55:41,2025-08-12 17:56:42,20,15.0,58,60,31,27,0,2,530,51,98,,true
2025-08-12 00:03:10,2025-08-13 02:25:11,UTC+07:00,2025-08-12 00:03:10,2025-08-12 08:37:41,66,14.2,410,514,252,96,62,104,512,32,79,44,false
2025-08-11 02:06:10,2025-08-12 00:03:10,UTC+07:00,2025-08-11 02:06:10,2025-08-11 10:47:12,73,14.1,423,521,261,80,82,98,474,106,81,54,false
2025-08-10 04:10:18,2025-08-11 02:06:10,UTC+07:00,2025-08-10 15:04:49,2025-08-10 17:07:20,16,15.2,111,122,39,44,28,11,584,106,91,,true
2025-08-10 04:10:18,2025-08-11 02:06:10,UTC+07:00,2025-08-10 04:10:18,2025-08-10 11:11:49,75,14.0,365,420,161,119,85,55,530,50,86,61,false
2025-08-09 02:46:29,2025-08-10 04:10:18,UTC+07:00,2025-08-09 02:46:29,2025-08-09 10:30:00,77,14.1,401,460,207,95,99,59,479,0,87,59,false
2025-08-08 02:02:32,2025-08-09 02:46:29,UTC+07:00,2025-08-08 02:02:32,2025-08-08 11:59:03,77,13.8,516,593,248,135,133,77,510,127,87,43,false
2025-08-07 03:09:11,2025-08-08 02:02:32,UTC+07:00,2025-08-07 17:27:31,2025-08-07 19:23:02,19,14.5,100,111,38,32,30,11,607,127,89,,true
2025-08-07 03:09:11,2025-08-08 02:02:32,UTC+07:00,2025-08-07 03:09:11,2025-08-07 07:31:42,42,13.9,238,260,133,75,30,22,537,115,91,40,false
2025-08-06 03:06:57,2025-08-07 03:09:11,UTC+07:00,2025-08-06 16:27:59,2025-08-06 17:31:59,26,14.4,58,63,14,40,4,5,592,115,96,,true
2025-08-06 03:06:57,2025-08-07 03:09:11,UTC+07:00,2025-08-06 03:06:57,2025-08-06 12:07:59,73,13.7,427,541,259,89,79,114,607,127,79,75,false
2025-08-05 05:28:54,2025-08-06 03:06:57,UTC+07:00,2025-08-05 05:28:54,2025-08-05 12:12:25,65,13.8,354,401,159,84,111,47,610,106,88,57,false
2025-08-04 03:10:04,2025-08-05 05:28:54,UTC+07:00,2025-08-04 03:10:04,2025-08-04 10:29:35,75,13.6,352,418,195,84,73,66,518,40,84,72,false
2025-08-03 00:53:32,2025-08-04 03:10:04,UTC+07:00,2025-08-03 00:53:32,2025-08-03 11:10:03,74,13.9,504,612,342,78,84,108,567,89,82,54,false
2025-08-02 03:14:38,2025-08-03 00:53:32,UTC+07:00,2025-08-02 03:14:38,2025-08-02 12:13:39,78,13.8,465,538,186,129,150,73,605,127,86,65,false
2025-08-01 03:10:58,2025-08-02 03:14:38,UTC+07:00,2025-08-01 03:10:58,2025-08-01 11:27:30,72,13.6,418,483,205,91,122,65,623,127,86,58,false
2025-07-31 03:05:12,2025-08-01 03:10:58,UTC+07:00,2025-07-31 03:05:12,2025-07-31 07:31:13,35,14.0,223,258,89,78,56,35,509,127,86,32,false
2025-07-30 05:32:11,2025-07-31 03:05:12,UTC+07:00,2025-07-30 16:22:12,2025-07-30 18:13:42,22,15.0,97,110,38,45,14,13,606,127,89,,true
2025-07-30 05:32:11,2025-07-31 03:05:12,UTC+07:00,2025-07-30 05:32:11,2025-07-30 12:19:42,59,13.5,335,404,157,109,69,69,612,127,82,61,false
2025-07-29 04:27:24,2025-07-30 05:32:11,UTC+07:00,2025-07-29 04:27:24,2025-07-29 10:39:55,68,13.6,332,369,174,80,78,37,587,108,90,64,false
2025-07-28 03:34:23,2025-07-29 04:27:24,UTC+07:00,2025-07-28 03:34:23,2025-07-28 11:23:24,73,14.4,403,469,183,111,109,66,572,94,86,57,false
2025-07-27 03:45:42,2025-07-28 03:34:23,UTC+07:00,2025-07-27 03:45:42,2025-07-27 12:03:44,70,14.0,413,484,173,103,137,71,560,80,85,41,false
2025-07-25 22:19:24,2025-07-27 03:45:42,UTC+07:00,2025-07-25 22:19:24,2025-07-26 07:31:55,69,14.8,480,545,234,120,126,65,606,127,88,31,false
2025-07-25 05:12:24,2025-07-25 22:19:24,UTC+07:00,2025-07-25 05:12:24,2025-07-25 10:48:25,59,13.7,307,331,134,97,76,24,613,127,93,69,false
2025-07-24 03:04:58,2025-07-25 05:12:24,UTC+07:00,2025-07-24 03:04:58,2025-07-24 08:29:54,62,14.1,296,324,146,98,52,28,527,127,91,44,false
2025-07-23 04:43:56,2025-07-24 03:04:58,UTC+07:00,2025-07-23 18:01:27,2025-07-23 19:20:39,26,15.2,77,79,36,35,6,2,605,127,98,,true
2025-07-23 04:43:56,2025-07-24 03:04:58,UTC+07:00,2025-07-23 04:43:56,2025-07-23 10:55:30,59,14.4,310,371,136,74,100,61,611,127,83,76,false
2025-07-22 05:53:30,2025-07-23 04:43:56,UTC+07:00,2025-07-22 05:53:30,2025-07-22 10:38:36,31,14.0,234,285,104,82,48,51,615,118,82,62,false
2025-07-21 05:18:49,2025-07-22 05:53:30,UTC+07:00,2025-07-21 05:18:49,2025-07-21 11:14:20,59,13.8,303,355,160,100,43,52,540,62,85,47,false
2025-07-20 03:08:02,2025-07-21 05:18:49,UTC+07:00,2025-07-20 03:08:02,2025-07-20 10:38:45,74,13.8,392,450,165,109,118,58,489,10,87,45,false
2025-07-19 01:00:49,2025-07-20 03:08:02,UTC+07:00,2025-07-19 01:00:49,2025-07-19 08:54:20,75,14.1,440,473,220,92,128,33,456,101,93,23,false
2025-07-18 05:33:36,2025-07-19 01:00:49,UTC+07:00,2025-07-18 18:46:35,2025-07-18 21:02:41,13,15.1,124,136,33,66,25,12,580,101,98,,true
2025-07-18 05:33:36,2025-07-19 01:00:49,UTC+07:00,2025-07-18 05:33:36,2025-07-18 09:52:40,47,13.7,215,259,131,64,20,44,418,127,83,38,false
2025-07-17 03:11:42,2025-07-18 05:33:36,UTC+07:00,2025-07-17 20:52:05,2025-07-18 00:12:31,23,14.4,188,200,81,69,38,12,606,127,94,,true
2025-07-17 03:11:42,2025-07-18 05:33:36,UTC+07:00,2025-07-17 03:11:42,2025-07-17 07:39:43,38,13.4,239,268,77,115,47,29,551,72,89,31,false
2025-07-16 04:36:26,2025-07-17 03:11:42,UTC+07:00,2025-07-16 04:36:26,2025-07-16 11:33:58,75,13.6,381,416,186,105,90,35,494,93,91,44,false
2025-07-15 06:23:45,2025-07-16 04:36:26,UTC+07:00,2025-07-15 16:15:07,2025-07-15 17:40:37,19,14.6,81,83,24,40,17,2,574,93,100,,true
2025-07-15 06:23:45,2025-07-16 04:36:26,UTC+07:00,2025-07-15 06:23:45,2025-07-15 10:59:46,69,13.7,250,276,118,54,78,26,396,118,91,40,false
2025-07-14 05:46:09,2025-07-15 06:23:45,UTC+07:00,2025-07-14 20:18:14,2025-07-14 23:47:45,27,14.1,201,209,77,63,61,8,597,118,96,,true
2025-07-14 05:46:09,2025-07-15 06:23:45,UTC+07:00,2025-07-14 05:46:09,2025-07-14 10:59:10,70,13.7,294,310,144,67,83,16,478,57,95,51,false
2025-07-13 01:30:37,2025-07-14 05:46:09,UTC+07:00,2025-07-13 17:40:08,2025-07-13 18:47:39,22,14.5,57,61,12,45,0,4,535,57,97,,true
2025-07-13 01:30:37,2025-07-14 05:46:09,UTC+07:00,2025-07-13 01:30:37,2025-07-13 10:55:38,78,13.5,517,563,229,133,155,46,606,127,91,51,false
2025-07-12 07:07:01,2025-07-13 01:30:37,UTC+07:00,2025-07-12 07:07:01,2025-07-12 11:13:31,29,13.2,219,235,100,66,53,16,605,127,93,34,false
2025-07-11 03:51:57,2025-07-12 07:07:01,UTC+07:00,2025-07-11 03:51:57,2025-07-11 09:29:58,43,13.8,274,333,115,100,59,59,612,127,82,62,false
2025-07-10 01:44:09,2025-07-11 03:51:57,UTC+07:00,2025-07-10 01:44:09,2025-07-10 06:55:15,37,14.5,265,297,105,77,83,32,521,43,89,55,false
2025-07-09 01:26:24,2025-07-10 01:44:09,UTC+07:00,2025-07-09 01:26:24,2025-07-09 09:27:55,81,13.3,436,481,215,126,95,45,504,77,90,65,false
2025-07-08 02:38:13,2025-07-09 01:26:24,UTC+07:00,2025-07-08 15:18:38,2025-07-08 16:26:39,25,14.5,53,65,9,31,13,12,554,77,99,,true
2025-07-08 02:38:13,2025-07-09 01:26:24,UTC+07:00,2025-07-08 02:38:13,2025-07-08 09:35:08,75,13.8,353,411,197,80,76,58,508,25,86,65,false
2025-07-07 02:41:05,2025-07-08 02:38:13,UTC+07:00,2025-07-07 02:41:05,2025-07-07 09:30:53,78,14.0,351,398,137,105,109,47,391,0,88,48,false
2025-07-05 20:54:40,2025-07-07 02:41:05,UTC+07:00,2025-07-06 14:51:24,2025-07-06 16:27:24,15,15.0,88,92,50,38,0,4,478,0,96,,true
2025-07-05 20:54:40,2025-07-07 02:41:05,UTC+07:00,2025-07-05 20:54:40,2025-07-06 07:55:42,80,14.0,599,660,346,103,150,61,575,95,90,49,false
2025-07-05 01:49:38,2025-07-05 20:54:40,UTC+07:00,2025-07-05 01:49:38,2025-07-05 09:45:10,81,13.9,413,475,159,125,129,62,562,83,87,84,false
2025-07-04 01:50:29,2025-07-05 01:49:38,UTC+07:00,2025-07-04 01:50:29,2025-07-04 09:46:36,76,13.7,404,474,194,100,110,70,534,55,86,71,false
2025-07-03 01:50:38,2025-07-04 01:50:29,UTC+07:00,2025-07-03 01:50:38,2025-07-03 09:29:10,75,13.7,392,458,189,104,99,66,478,0,85,59,false
2025-07-01 21:46:39,2025-07-03 01:50:38,UTC+07:00,2025-07-01 21:46:39,2025-07-02 08:30:59,81,13.9,564,638,299,100,165,74,553,69,88,54,false
2025-07-01 01:09:02,2025-07-01 21:46:39,UTC+07:00,2025-07-01 01:09:02,2025-07-01 08:37:04,78,13.7,396,446,198,85,113,50,504,25,89,58,false
2025-06-29 22:16:43,2025-07-01 01:09:02,UTC+07:00,2025-06-29 22:16:43,2025-06-30 08:32:49,76,14.3,564,616,329,88,147,52,604,124,92,35,false
2025-06-29 03:41:33,2025-06-29 22:16:43,UTC+07:00,2025-06-29 03:41:33,2025-06-29 09:29:04,70,13.6,309,346,154,90,65,37,503,127,89,55,false
2025-06-28 02:57:37,2025-06-29 03:41:33,UTC+07:00,2025-06-28 15:49:00,2025-06-28 17:49:00,22,14.2,103,120,20,66,17,17,605,127,93,,true
2025-06-28 02:57:37,2025-06-29 03:41:33,UTC+07:00,2025-06-28 02:57:37,2025-06-28 10:48:12,67,14.1,385,467,195,86,104,82,616,127,82,61,false
2025-06-27 03:52:57,2025-06-28 02:57:37,UTC+07:00,2025-06-27 03:52:57,2025-06-27 09:19:58,54,13.8,301,327,151,83,67,26,610,127,92,55,false
2025-06-26 01:29:28,2025-06-27 03:52:57,UTC+07:00,2025-06-26 01:29:28,2025-06-26 07:51:59,51,13.8,326,373,166,106,54,47,596,114,87,28,false
2025-06-25 04:49:39,2025-06-26 01:29:28,UTC+07:00,2025-06-25 04:49:39,2025-06-25 12:43:21,73,13.8,411,472,177,106,128,61,588,103,87,54,false
2025-06-24 04:05:09,2025-06-25 04:49:39,UTC+07:00,2025-06-24 04:05:09,2025-06-24 10:33:45,70,13.8,338,384,176,84,78,46,499,127,88,42,false
2025-06-23 06:41:36,2025-06-24 04:05:09,UTC+07:00,2025-06-23 12:00:00,2025-06-23 13:50:00,10,14.0,107,110,41,41,25,3,605,127,97,,true
2025-06-23 06:41:36,2025-06-24 04:05:09,UTC+07:00,2025-06-23 06:41:36,2025-06-23 09:22:36,25,13.4,133,143,48,75,10,10,476,127,94,41,false
2025-06-22 06:23:10,2025-06-23 06:41:36,UTC+07:00,2025-06-22 17:00:00,2025-06-22 20:00:00,20,14.3,130,180,41,68,21,50,606,127,87,,true
2025-06-22 06:23:10,2025-06-23 06:41:36,UTC+07:00,2025-06-22 06:23:10,2025-06-22 12:37:41,70,13.4,334,371,135,77,122,37,538,60,90,51,false
2025-06-21 03:08:33,2025-06-22 06:23:10,UTC+07:00,2025-06-21 03:08:33,2025-06-21 11:55:34,78,13.7,453,526,292,62,99,73,547,68,86,64,false
2025-06-20 03:54:37,2025-06-21 03:08:33,UTC+07:00,2025-06-20 03:54:37,2025-06-20 10:38:38,76,14.1,376,398,176,93,107,22,483,72,94,50,false
2025-06-19 03:36:13,2025-06-20 03:54:37,UTC+07:00,2025-06-19 17:24:15,2025-06-19 18:52:15,22,13.8,68,84,22,46,0,16,550,72,91,,true
2025-06-19 03:36:13,2025-06-20 03:54:37,UTC+07:00,2025-06-19 03:36:13,2025-06-19 11:54:44,74,13.8,436,495,204,115,117,59,549,121,88,50,false
2025-06-18 02:18:25,2025-06-19 03:36:13,UTC+07:00,2025-06-18 12:00:00,2025-06-18 13:00:00,18,15.3,53,60,34,16,3,7,599,121,90,,true
2025-06-18 02:18:25,2025-06-19 03:36:13,UTC+07:00,2025-06-18 02:18:25,2025-06-18 09:17:26,60,14.2,365,415,216,83,66,50,607,127,88,39,false
2025-06-17 07:54:13,2025-06-18 02:18:25,UTC+07:00,2025-06-17 07:54:13,2025-06-17 12:29:14,39,13.9,231,273,96,84,51,42,541,127,84,52,false
2025-06-16 06:10:26,2025-06-17 07:54:13,UTC+07:00,2025-06-16 18:30:00,2025-06-16 19:40:00,26,13.9,64,70,11,53,0,6,605,127,95,,true
2025-06-16 06:10:26,2025-06-17 07:54:13,UTC+07:00,2025-06-16 06:10:26,2025-06-16 11:12:57,46,13.7,254,302,119,90,45,48,586,108,85,74,false
2025-06-15 04:03:49,2025-06-16 06:10:26,UTC+07:00,2025-06-15 04:03:49,2025-06-15 11:02:20,71,13.7,360,418,153,120,87,58,577,127,86,65,false
2025-06-14 06:20:27,2025-06-15 04:03:49,UTC+07:00,2025-06-14 18:17:00,2025-06-14 18:50:00,23,15.3,30,33,14,16,0,3,606,127,99,,true
2025-06-14 06:20:27,2025-06-15 04:03:49,UTC+07:00,2025-06-14 06:20:27,2025-06-14 12:19:28,59,13.4,305,357,141,94,70,52,561,81,86,56,false
2025-06-13 04:24:06,2025-06-14 06:20:27,UTC+07:00,2025-06-13 04:24:06,2025-06-13 12:00:07,75,13.9,374,427,162,89,123,53,538,59,88,59,false
2025-06-12 04:36:50,2025-06-13 04:24:06,UTC+07:00,2025-06-12 04:36:50,2025-06-12 11:29:51,74,13.4,366,409,198,91,77,43,485,37,89,45,false
2025-06-11 02:22:10,2025-06-12 04:36:50,UTC+07:00,2025-06-11 16:28:00,2025-06-11 17:08:00,25,15.2,30,40,7,23,0,10,515,37,100,,true
2025-06-11 02:22:10,2025-06-12 04:36:50,UTC+07:00,2025-06-11 02:22:10,2025-06-11 10:30:31,78,13.9,410,483,222,94,94,73,484,84,86,63,false
2025-06-10 01:16:44,2025-06-11 02:22:10,UTC+07:00,2025-06-10 13:18:00,2025-06-10 14:57:00,17,14.4,80,99,23,35,22,19,564,84,85,,true
2025-06-10 01:16:44,2025-06-11 02:22:10,UTC+07:00,2025-06-10 01:16:44,2025-06-10 08:01:15,77,13.2,366,401,215,76,75,35,535,53,91,65,false
2025-06-09 02:21:09,2025-06-10 01:16:44,UTC+07:00,2025-06-09 02:21:09,2025-06-09 10:40:40,75,13.7,404,499,225,88,91,95,511,28,80,,false
2025-06-08 02:17:14,2025-06-09 02:21:09,UTC+07:00,2025-06-08 02:17:14,2025-06-08 10:40:13,88,14.4,457,493,224,102,131,36,515,0,92,,false
